<?xml version="1.0" encoding="UTF-8"?><TaskList Version="2.0"><Task ConnectorKind="local" RepositoryUrl="local" TaskId="1" Handle="local-1" Label="New Task" Priority="P3" Kind="task" Notes="" Estimated="0" EndDate="" CreationDate="2024-06-17 23:35:28.367 +0530" ModificationDate="" DueDate="" Owner="local" Active="false" ScheduledStartDate="2024-06-16 00:00:00.0 +0530" ScheduledEndDate="2024-06-22 23:59:59.999 +0530" Reminded="false" MarkReadPending="true" NotifiedIncoming="true" offlineSyncState="OUTGOING_NEW"><Attribute Key="outgoingNewRepositoryUrl">https://github.com/eclipse-mylyn/org.eclipse.mylyn/issues</Attribute><Attribute Key="outgoingNewConnectorKind">github</Attribute><Attribute Key="org.eclipse.mylyn.tasks.ui.new.unsaved.task">true</Attribute></Task><TaskCategory Handle="Uncategorized" Name="Uncategorized"/></TaskList>